Workbook

Sheet Dashboard
A1: Sales Dashboard — 2025
A2: Built from sales_data.csv with Python + openpyxl
A4: Total Revenue | B4: =SUM(Data!$D$2:$D$241)
A5: Average Monthly Revenue | B5: =B4/12
A6: Best Category | B6: =INDEX(Summary!$D$2:$D$5,MATCH(MAX(Summary!$E$2:$E$5),Summary!$E$2:$E$5,0))
A7: Best Month | B7: =INDEX(Summary!$A$2:$A$13,MATCH(MAX(Summary!$B$2:$B$13),Summary!$B$2:$B$13,0))

Sheet Data
A1: Date | B1: Region | C1: Category | D1: Revenue | E1: Month
A2: 45658 | B2: South | C2: Accessories | D2: 276.35 | E2: =TEXT(A2,"yyyy-mm")
A3: 45659 | B3: South | C3: Office Supplies | D3: 591.87 | E3: =TEXT(A3,"yyyy-mm")
A4: 45660 | B4: South | C4: Furniture | D4: 1260.18 | E4: =TEXT(A4,"yyyy-mm")
A5: 45661 | B5: East | C5: Office Supplies | D5: 382.05 | E5: =TEXT(A5,"yyyy-mm")
A6: 45663 | B6: West | C6: Office Supplies | D6: 202.83 | E6: =TEXT(A6,"yyyy-mm")
A7: 45663 | B7: South | C7: Furniture | D7: 1178.29 | E7: =TEXT(A7,"yyyy-mm")
A8: 45664 | B8: East | C8: Electronics | D8: 1143.16 | E8: =TEXT(A8,"yyyy-mm")
A9: 45664 | B9: East | C9: Electronics | D9: 3053.78 | E9: =TEXT(A9,"yyyy-mm")
A10: 45665 | B10: South | C10: Furniture | D10: 1699.3 | E10: =TEXT(A10,"yyyy-mm")
A11: 45666 | B11: South | C11: Office Supplies | D11: 513.57 | E11: =TEXT(A11,"yyyy-mm")
A12: 45670 | B12: North | C12: Office Supplies | D12: 506.17 | E12: =TEXT(A12,"yyyy-mm")
A13: 45672 | B13: East | C13: Furniture | D13: 1003.34 | E13: =TEXT(A13,"yyyy-mm")
... A241: 46019 | B241: West | C241: Office Supplies | D241: 532.9 | E241: =TEXT(A241,"yyyy-mm")

Sheet Summary
A1: Month | B1: Revenue | D1: Category | E1: Revenue
A2: 2025-01 | B2: =SUMIF(Data!$E$2:$E$241,$A2,Data!$D$2:$D$241) | D2: Electronics | E2: =SUMIF(Data!$C$2:$C$241,$D2,Data!$D$2:$D$241)
A3: 2025-02 | B3: =SUMIF(Data!$E$2:$E$241,$A3,Data!$D$2:$D$241) | D3: Furniture | E3: =SUMIF(Data!$C$2:$C$241,$D3,Data!$D$2:$D$241)
A4: 2025-03 | B4: =SUMIF(Data!$E$2:$E$241,$A4,Data!$D$2:$D$241) | D4: Office Supplies | E4: =SUMIF(Data!$C$2:$C$241,$D4,Data!$D$2:$D$241)
A5: 2025-04 | B5: =SUMIF(Data!$E$2:$E$241,$A5,Data!$D$2:$D$241) | D5: Accessories | E5: =SUMIF(Data!$C$2:$C$241,$D5,Data!$D$2:$D$241)
A6: 2025-05 | B6: =SUMIF(Data!$E$2:$E$241,$A6,Data!$D$2:$D$241)
A7: 2025-06 | B7: =SUMIF(Data!$E$2:$E$241,$A7,Data!$D$2:$D$241)
A8: 2025-07 | B8: =SUMIF(Data!$E$2:$E$241,$A8,Data!$D$2:$D$241)
A9: 2025-08 | B9: =SUMIF(Data!$E$2:$E$241,$A9,Data!$D$2:$D$241)
A10: 2025-09 | B10: =SUMIF(Data!$E$2:$E$241,$A10,Data!$D$2:$D$241)
A11: 2025-10 | B11: =SUMIF(Data!$E$2:$E$241,$A11,Data!$D$2:$D$241)
A12: 2025-11 | B12: =SUMIF(Data!$E$2:$E$241,$A12,Data!$D$2:$D$241)
A13: 2025-12 | B13: =SUMIF(Data!$E$2:$E$241,$A13,Data!$D$2:$D$241)
